Rank,Address,Name Tag,Balance,Percentage,Txn Count
1,0x00000000219ab540356cbb839cbe05303d7705fa,Eth2 Deposit Contract,"13,170,629.000069 Ether",10.98822335%,209885
2,0xc02aaa39b223fe8d0a0e5c4f27ead9083c756cc2,Wrapped Ether,"4,292,271.99490362 Ether",3.58103196%,8999160
3,0xda9dfa130df4de4673b89022ee50ff26f6ea73cf,Kraken 13,"2,113,030.00445455 Ether",1.76289573%,68
4,0xbe0eb53f46cd790cd13851d5eff43d12404d33e8,Binance 7,"1,996,008.27992735 Ether",1.66526479%,1098
7,0x742d35cc6634c0532925a3b844bc454e4438f44e,Bitfinex 2,"1,341,122.36792507 Ether",1.11889509%,17185
8,0xf977814e90da44bfa03b6295a0616a897441acec,Binance 8,"991,303.73565884 Ether",0.82704227%,8764
9,0x07ee55aa48bb72dcc6e9d78256648910de513eca,Gemini: Contract 1,"685,495.27049071 Ether",0.57190702%,1270
10,0x011b6e24ffb0b5f5fcc564cf4183c5bbbc96d515,Arbitrum: Bridge,"681,646.62990881 Ether",0.56869611%,50
11,0x28c6c06298d514db089934071355e5743bf21d60,Binance 14,"549,921.16082716 Ether",0.45879787%,8021940
12,0x4ddc2d193948926d02f9b1fe9e1daa0718270ed5,Compound: cETH Token,"527,741.62595537 Ether",0.44029354%,285814
13,0x61edcdf5bb737adffe5043706e7c5bb1f1a56eea,Gemini 3,"479,498.95358134 Ether",0.40004480%,351
14,0xa7efae728d2936e78bda97dc267687568dd593f3,OKEx 3,"450,798.69146404 Ether",0.37610024%,1576358
16,0x8484ef722627bf18ca5ae6bcf031c23e6e922b30,Polygon (Matic): Ether Bridge,"354,110.21703857 Ether",0.29543328%,67
18,0xde0b295669a9fd93d5f28d9ec85e40f4cb697bae,EthDev,"343,270.35590318 Ether",0.28638961%,944
19,0xdf9eb223bafbe5c5271415c75aecd68c21fe3d7f,Liquity: Active Pool,"334,379.09706975 Ether",0.27897166%,55
21,0x3bfc20f0b9afcace800d73d2191166ff16540258,Polkadot: MultiSig,"306,276.63536139 Ether",0.25552584%,171
22,0x0548f59fee79f8832c299e01dca5c76f034f558e,OTC: 0x054...58e,"301,243.06938278 Ether",0.25132635%,10357
23,0x220866b1a2219f40e72f5c628b65d54268ca3a9d,Vb 3,"290,000.92186839 Ether",0.24194706%,82
24,0xc098b2a3aa256d2140208c3de6543aaef5cd3a94,FTX Exchange 2,"275,652.03902603 Ether",0.22997582%,3364884
26,0xa929022c9107643515f5c777ce9a910f0d1e490c,HECO Chain: Bridge,"274,636.85967248 Ether",0.22912886%,21764
36,0x78605df79524164911c144801f41e9811b7db73d,BitDAO: Treasury,"246,297.98847312 Ether",0.20548581%,55
40,0xdc24316b9ae028f1497c275eb9192a3ea0f67022,Lido: Curve Liquidity Farming Pool Contract,"219,424.16715206 Ether",0.18306504%,43856
41,0x59448fe20378357f206880c58068f095ae63d5a5,Bitfinex 9,"215,368.75591044 Ether",0.17968162%,28
42,0x25eaff5b179f209cf186b1cdcbfa463a69df4c45,Blockfolio,"211,305.44547749 Ether",0.17629161%,259770
44,0xa160cdab225685da1d56aa342ad8841c3b53f291,Tornado.Cash: 100 ETH,"200,900 Ether",0.16761038%,8385
45,0x558553d54183a8542f7832742e7b4ba9c33aa1e6,Bithumb 12,"200,001.664584 Ether",0.16686090%,50
46,0x98ec059dc3adfbdd63429454aeb0c990fba4a128,OKEx 6,"200,000.10705597 Ether",0.16685960%,39
50,0x66f820a414680b5bcda5eeca5dea238543f42054,Bittrex 3,"188,508.62367176 Ether",0.15727228%,185
52,0x36a85757645e8e8aec062a1dee289c7d615901ca,Bitfinex 10,"177,328.30765968 Ether",0.14794457%,26
63,0x6262998ced04146fa42253a5c0af90ca02dfd2a3,Crypto.com,"167,235.92756088 Ether",0.13952452%,779466
64,0x7da82c7ab4771ff031b66538d2fb9b0b047f6cf9,Golem: Multisig,"165,034.34311324 Ether",0.13768775%,493
90,0xd69b0089d9ca950640f5dc9931a41a5965f00303,Gemini 7,"144,461.57638037 Ether",0.12052394%,104
92,0xd6216fc19db775df9774a6e33526131da7d19a2c,KuCoin 6,"142,805.99254171 Ether",0.11914269%,6493
102,0x4c766def136f59f6494f0969b1355882080cf8e0,Bitstamp 5,"126,717.48057762 Ether",0.10572008%,33
103,0xdcd0272462140d0a3ced6c4bf970c7641f08cd2c,Bitfinex 4,"123,587.69025187 Ether",0.10310891%,10
105,0x0d0707963952f2fba59dd06f2b425ace40b492fe,Gate.io,"121,292.78716985 Ether",0.10119427%,5330492
113,0x99c9fc46f92e8a1c0dec1b1747d010903e884be1,Optimism: Gateway,"115,899.28503023 Ether",0.09669449%,209390
115,0x376c3e5547c68bc26240d8dcc6729fff665a4448,Iconomi: MultiSig 1,"114,939.00001 Ether",0.09589332%,62
117,0x1b8766d041567eed306940c587e21c06ab968663,Bitfinex 14,"111,377.3141615 Ether",0.09292182%,3
120,0x5a710a3cdf2af218740384c52a10852d8870626a,Bitfinex 15,"107,141.16775261 Ether",0.08938761%,26
127,0x2faf487a4414fe77e2327f0bf4ae2a264a776ad2,FTX Exchange,"105,376.05146442 Ether",0.08791498%,4740123
135,0x4fdd5eb2fb260149a3903859043e962ab89d8ed4,Bitfinex 5,"100,116.86592345 Ether",0.08352725%,23
136,0xc61b9bb3a7a0767e3179713f3a5c7a9aedce193c,Bitfinex: MultiSig 3,"100,019.76046368 Ether",0.08344624%,110
146,0x28140cb1ac771d4add91ee23788e50249c10263d,Bitfinex 16,"97,634.063475 Ether",0.08145586%,1
148,0x267be1c1d684f78cb4f6a176c4911b741e4ffdc0,Kraken 4,"96,208.61030566 Ether",0.08026661%,2687255
149,0x1e2fcfd26d36183f1a5d90f0e6296915b02bcb40,Coinone 2,"95,993.89170392 Ether",0.08008747%,70
150,0xc56fefd1028b0534bfadcdb580d3519b5586246e,Bitfinex 11,"95,263.26323519 Ether",0.07947791%,1
151,0x11577a8a5baf1e25b9a2d89f39670f447d75c3cd,Fund: 0x115...3cD,"94,954.60140255 Ether",0.07922039%,174
152,0x629e7da20197a5429d30da36e77d06cdf796b71a,Wormhole Network Exploiter,"93,750.62308981 Ether",0.07821591%,123
158,0xbf4ed7b27f1d666546e30d74d50d173d20bca754,WithdrawDAO,"86,503.33430844 Ether",0.07216952%,19524
165,0xb3764761e297d6f121e79c32a65829cd1ddb4d32,Multisig Exploit Hacker,"83,017.20927198 Ether",0.06926105%,65
198,0x755cdba6ae4f479f7164792b318b2a06c759833b,ExtraBalDaoWithdraw,"71,168.48432078 Ether",0.05937569%,8244
247,0x1342a001544b8b7ae4a5d374e33114c66d78bd5f,Gatecoin Hacker 2,"59,491.41000001 Ether",0.04963354%,39
248,0xd4914762f9bd566bd0882b71af5439c0476d2ff6,Gatecoin Hacker 1,"59,480.51000001 Ether",0.04962444%,40
261,0x64192819ac13ef72bf6b5ae239ac672b43a9af08,Axie Infinity: Ronin Bridge V2,"55,464.18168949 Ether",0.04627363%,11368
273,0x111cff45948819988857bbf1966a0399e0d1141e,bitFlyer,"51,965.63545229 Ether",0.04335480%,5718
300,0x21346283a31a5ad10fa64377e77a8900ac12d469,iEXEC: MultiSig,"49,200.03794052 Ether",0.04104747%,133
302,0xaf1931c20ee0c11bea17a41bfbbad299b2763bc0,Luno 1,"48,995.71325133 Ether",0.04087700%,2933
308,0x876eabf441b2ee5b5b0554fd502a8e0600950cfa,Bitfinex 3,"47,176.42647824 Ether",0.03935918%,2246867
309,0xa646e29877d52b9e2de457eca09c724ff16d0a2b,Status: Research & Development MultiSig,"47,000.11000066 Ether",0.03921208%,224
314,0x957cd4ff9b3894fc78b5134a8dc72b032ffbc464,Blockchainbandit,"44,755.91743817 Ether",0.03733975%,5995
352,0xdfd5293d8e347dfe59e90efd55b2956a1343963d,Binance 16,"39,205.06431142 Ether",0.03270869%,3892490
361,0x06a0048079ec6571cd1b537418869cde6191d42d,Binance 29,"37,913.56194792 Ether",0.03163119%,6
364,0x04786aada9deea2150deab7b3b8911c309f5ed90,Gatecoin Hacker 4,"37,257.53286551 Ether",0.03108387%,60
385,0xc5424b857f758e906013f3555dad202e4bdb4567,Curve.fi: ETH/sETH Pool,"35,486.13571509 Ether",0.02960600%,11451
392,0x0b73f67a49273fc4b9a65dbd25d7d0918e734e63,Bitfinex 12,"34,740.37540505 Ether",0.02898381%,1
398,0x21a31ee1afc51d94c2efccaa2092ad1028285549,Binance 15,"33,330.61929991 Ether",0.02780765%,4118549
403,0x56eddb7aa87536c09ccc2793473599fd21a8b17f,Binance 17,"32,134.81978138 Ether",0.02681000%,3228598
405,0xf60c2ea62edbfe808163751dd0d8693dcb30019c,Binance US 3,"31,854.93160131 Ether",0.02657649%,1363622
429,0x34ea4138580435b5a521e460035edb19df1938c1,Binance US 2,"29,862.53032976 Ether",0.02491424%,442
438,0xcafe1a77e84698c83ca8931f54a755176ef75f2c,Aragon: Multisig,"29,078.31913573 Ether",0.02425997%,822
456,0xd24400ae8bfebb18ca49be86258a3c749cf46853,Gemini,"27,716.63260158 Ether",0.02312392%,3376289
485,0x4976a4a02f38326660d17bf34b431dc6e2eb2327,Binance 20,"25,391.06132241 Ether",0.02118370%,1508176
506,0x283af0b28c62c092c9727f1ee09c02ca627eb7f5,ENS: ETH Registrar Controller,"24,248.25284947 Ether",0.02023026%,3386679
508,0x674bdf20a0f284d710bc40872100128e2d66bd3f,Loopring: Exchange v2 Deposit,"24,194.69151768 Ether",0.02018557%,34
526,0xd884aca1897ac45515cee6d5fd48f341b4023ace,Hegic: Development Fund,"22,753.11535151 Ether",0.01898287%,143
527,0x9696f59e4d72e237be84ffd425dcad154bf96976,Binance 18,"22,581.10695855 Ether",0.01883936%,2967469
531,0xd01ae1a708614948b2b5e0b7ab5be6afa01325c7,QubitFin Exploiter,"22,212.58885184 Ether",0.01853191%,134
539,0xabea9132b05a70803a4e85094fd0e1800777fbef,zkSync,"22,068.30917778 Ether",0.01841154%,523834
540,0x5c8344bcdc38f1ab5eb5c1d4a35ddeea522b5dfa,Synthetix: Collateral Eth,"22,037.67716871 Ether",0.01838598%,1212
545,0x0bc3807ec262cb779b38d65b38158acc3bfede10,Nouns DAO: Treasury,"21,656.99818071 Ether",0.01806838%,28
556,0xf2d4766ad705e3a5c9ba5b0436b473085f82f82f,Coinhako: Warm Wallet,"21,027.75732395 Ether",0.01754341%,4049
561,0x3e40d73eb977dc6a537af587d48316fee66e9c8c,Lido: Treasury,"20,940.35623571 Ether",0.01747049%,28
569,0xeb2629a2734e272bcc07bda959863f316f4bd4cf,Coinbase 6,"20,522.74422816 Ether",0.01712207%,7190086
644,0x997114ca0830e9bee7443368fa27f4af2d4e55a6,Plus Token Ponzi 2,"19,273.7790971 Ether",0.01608007%,54
655,0xf326e4de8f66a0bdc0970b79e0924e33c79f1915,MetaMask: DS Proxy,"18,621.24211046 Ether",0.01553566%,87
659,0x53b36141490c419fa27ecabfeb8be1ecadc82431,Bitfinex 17,"18,139.48331812 Ether",0.01513373%,1
667,0x2910543af39aba0cd09dbb2d50200b3e800a63d2,Kraken,"17,811.11432657 Ether",0.01485977%,54799
668,0x910cbd523d972eb0a6f4cae4618ad62622b39dbf,Tornado.Cash: 10 ETH,"17,810 Ether",0.01485884%,13853
681,0x2a0c0dbecc7e4d658f48e01e3fa353f44050c208,IDEX,"17,577.23244098 Ether",0.01466464%,9788021
698,0x8d12a197cb00d4747a1fe03395095ce2a5cc6819,EtherDelta 2,"16,912.13341281 Ether",0.01410975%,11542954
710,0xf5c9f957705bea56a7e806943f98f7777b995826,Sorare: L2 Bridge,"16,671.19050492 Ether",0.01390873%,102745
718,0x1ad91ee08f21be3de0ba2ba6918e714da6b45836,Hiveon Pool,"16,582.42329466 Ether",0.01383467%,3459925
724,0xc7cd9d874f93f2409f39a95987b3e3c738313925,Musiconomi: MultiSig,"16,475.53416533 Ether",0.01374550%,101
728,0x0577a79cfc63bbc0df38833ff4c4a3bf2095b404,Huobi 27,"16,416.75426078 Ether",0.01369646%,419505
778,0xeea81c4416d71cef071224611359f6f99a4c4294,BitMEX 1,"15,914.63697417 Ether",0.01327754%,80
785,0x1522900b6dafac587d499a862861c0869be6e428,Bitstamp 2,"15,787.88265196 Ether",0.01317179%,1475366
798,0x3cd751e6b0078be393132286c442345e5dc49699,Coinbase 4,"15,588.90154325 Ether",0.01300578%,9374924
803,0xcac725bef4f114f728cbcfd744a731c2a463c3fc,Huobi 34,"15,469.00818229 Ether",0.01290576%,621011
832,0x764c64b2a09b09acb100b80d8c505aa6a0302ef2,Truebit Protocol: Purchase,"14,789.56589229 Ether",0.01233890%,2402
844,0x23ea10cc1e6ebdb499d24e45369a35f43627062f,Digix: DGD ETH Refund,"14,416.96716156 Ether",0.01202804%,1975
852,0x46340b20830761efd32832a74d7169b29feb9758,Crypto.com 2,"14,149.5754547 Ether",0.01180496%,6578866
857,0xa910f92acdaf488fa6ef02174fb86208ad7722ba,Poloniex 4,"14,017.95822532 Ether",0.01169515%,1226656
879,0xeae57ce9cc1984f202e15e038b964bb8bdf7229a,Sollet: Solana Bridge,"13,713.99297083 Ether",0.01144155%,70553
912,0x6a164122d5cf7c840d26e829b46dcc4ed6c0ae48,CoinDash: Token Sale,"13,000.46725884 Ether",0.01084626%,2165
925,0x000000000000000000000000000000000000dead,Null Address: 0x00...dEaD,"12,559.60520969 Ether",0.01047845%,3633
927,0xb8901acb165ed027e32754e0ffe830802919727f,Hop Protocol: Ethereum Bridge,"12,512.24968901 Ether",0.01043894%,294570
930,0x0c295c085cae9c6278df49477d29f71d78c5490d,Sparkster: Wallet,"12,500.8355312 Ether",0.01042942%,71
957,0x0cd76cd43992c665fdc2d8ac91b935ca3165e782,Bitfinex 18,"12,284.33645009 Ether",0.01024879%,1
998,0xd793281182a0e3e023116004778f45c29fc14f19,Gate.io: Contract,"11,828.78872651 Ether",0.00986873%,213
1024,0x10c6b61dbf44a083aec3780acf769c77be747e23,Multichain: Moonriver Bridge,"11,640.32133005 Ether",0.00971149%,30387
1046,0x86766247ba3405c5f15f06b895294200809e9cfb,CashioApp Exploiter,"11,517.42640234 Ether",0.00960896%,44
1060,0x66017d22b0f8556afdd19fc67041899eb65a21bb,Liquity: Stability Pool,"11,404.09403353 Ether",0.00951441%,26603
1061,0x0000000000000000000000000000000000000000,Null Address: 0x000…000,"11,401.56322019 Ether",0.00951230%,69525
1076,0x55c536da641436e81d7e3f83d1b1346de20e7a71,Whiteheart: Deployer,"11,076.30819998 Ether",0.00924094%,21
1119,0x167a9333bf582556f35bd4d16a7e80e191aa6476,Coinone,"10,694.72973708 Ether",0.00892259%,971353
1121,0x3eb01b3391ea15ce752d01cf3d3f09dec596f650,Kyber: MultiSig,"10,676.34867096 Ether",0.00890725%,2207
1128,0x1692e170361cefd1eb7240ec13d048fd9af6d667,KuCoin 5,"10,597.49307239 Ether",0.00884146%,4254
1137,0x5fdcca53617f4d2b9134b29090c87d01058e27e9,Immutable X: Bridge,"10,458.83651627 Ether",0.00872578%,294894
1148,0x5cdaf83e077dbac2692b5864ca18b61d67453be8,ZKSwap: ZKSpace Bridge,"10,295.80514179 Ether",0.00858976%,32921
1178,0x9bdb521a97e95177bf252c253e256a60c3e14447,Nexo: Corporate Treasury,"10,085.47904604 Ether",0.00841429%,1178
1179,0x905315602ed9a854e325f692ff82f58799beab57,Alpha Homora V2 Exploiter,"10,080.67384209 Ether",0.00841028%,66
1383,0x1bf68a9d1eaee7826b3593c20a0ca93293cb489a,Orbit Chain: Bridge,"9,305.7289299 Ether",0.00776375%,105191
1397,0x416299aade6443e6f6e8ab67126e65a7f606eef5,Luno 2,"9,082.75610162 Ether",0.00757772%,1106247
1412,0xb47e3cd837ddf8e4c57f05d70ab865de6e193bbb,CryptoPunks: Ͼ Token,"8,936.96002864 Ether",0.00745608%,213932
1437,0xddfabcdc4d8ffc6d5beaf154f18b778f892a0740,Coinbase 3,"8,576.42933694 Ether",0.00715529%,7739809
1441,0xfbb1b73c4f0bda4f67dca266ce6ef42f520fbb98,Bittrex,"8,550.18553765 Ether",0.00713340%,11362240
1457,0xb5d85cbf7cb3ee0d56b3bb207d5fc4b82f43f511,Coinbase 5,"8,442.09076233 Ether",0.00704322%,8871760
1460,0x649765821d9f64198c905ec0b2b037a4a52bc373,Bancor: Master Vault V3,"8,400.26732698 Ether",0.00700832%,4
1462,0x6dd5a9f47cfbc44c04a0a4452f0ba792ebfbcc9a,Santiment: Wallet 2,"8,375.51920324 Ether",0.00698767%,107
1463,0x686e5ac50d9236a9b7406791256e47feddb26aba,Metronome: Autonomous Converter,"8,370.20292508 Ether",0.00698324%,24196
1476,0x519b70055af55a007110b4ff99b0ea33071c720a,DXdao,"8,183.52125837 Ether",0.00682749%,8
1484,0x00192fb10df37c9fb26829eb2cc623cd1bf599e8,2Miners: PPLNS,"8,064.79214247 Ether",0.00672844%,4337211
1491,0xd569d3cce55b71a8a3f3c418c329a66e5f714431,Juicebox: Terminal V1,"8,027.86010223 Ether",0.00669762%,37918
1531,0x9d217bcbd0bfae4d7f8f12c7702108d162e3ab79,Bloom: MultiSig,"7,852.80118993 Ether",0.00655157%,353
1573,0x2c8fbb630289363ac80705a1a61273f76fd5a161,OKEx 4,"7,398.13208767 Ether",0.00617224%,384
1603,0x3e5dcce17765928400ee4a4b8905e1dd9f42a00f,Savedroid: Wallet,"7,191.98257683 Ether",0.00600025%,18
1654,0x4f6742badb049791cd9a37ea913f2bac38d01279,Celsius Network: Wallet 5,"6,861.29727655 Ether",0.00572436%,972992
1662,0x829bd824b016326a401d083b33d092293333a830,F2Pool Old,"6,806.01642442 Ether",0.00567824%,13166442
1675,0x03e4b00b607d0980668ca6e50201576b00000000,imbrex: Wallet,"6,687.72572717 Ether",0.00557955%,2
1686,0xfb633f47a84a1450ee0413f2c32dc1772ccaea3e,Aragon: Treasury,"6,600.15844986 Ether",0.00550650%,35
1732,0x860a80d33e85e97888f1f0c75c6e5bbd60b48da9,SuperRare: Treasury,"6,223.01415737 Ether",0.00519185%,34
1753,0x7f101fe45e6649a6fb8f3f8b43ed03d353f2b90c,Flexpool.io,"6,070.56627194 Ether",0.00506466%,1152880
1792,0x9a67f1940164d0318612b497e8e6038f902a00a4,KeeperDAO: Treasury,"5,953.21735857 Ether",0.00496675%,608
1825,0x3cc936b795a188f0e246cbb2d74c5bd190aecf18,Mexc.com 3,"5,746.19779435 Ether",0.00479404%,8096
1869,0x6d903f6003cca6255d85cca4d3b5e5146dc33925,Compound: Timelock,"5,426.41638028 Ether",0.00452725%,68
1913,0xf5bec430576ff1b82e44ddb5a1c93f6f9d0884f3,Yobit.net,"5,176.46990883 Ether",0.00431872%,2475218
2076,0x260ee8f2b0c167e0cd6119b2df923fd061dc1093,YouHodler,"4,694.38585444 Ether",0.00391651%,186049
2083,0x681ea99a65e6f392f0f5276af396ae8cad140e6d,Impact Theory Founder's Key: Deployer,"4,651.54093073 Ether",0.00388077%,409
2099,0x5dcb78343780e1b1e578ae0590dc1e868792a435,Miner: 0x5dc...435,"4,568.63068784 Ether",0.00381160%,31
2119,0xdc1664458d2f0b6090bea60a8793a4e66c2f1c00,OMG Network: Boba Gateway,"4,501.46126722 Ether",0.00375556%,10519
2120,0x9a9bed3eb03e386d66f8a29dc67dc29bbb1ccb72,Bitstamp 3,"4,501.02 Ether",0.00375519%,40
2149,0x3dfd23a6c5e8bbcfc9581d2e864a68feb6a076d3,Aave: Lending Pool Core V1,"4,414.65260285 Ether",0.00368313%,14
2156,0xfe89cc7abb2c4183683ab71653c4cdc9b02d44b7,ENS: Timelock,"4,362.26710277 Ether",0.00363943%,32
2180,0x2daa35962a6d43eb54c48367b33d0b379c930e5e,Poolin 2,"4,289.66044407 Ether",0.00357885%,139
2203,0x4b1a99467a284cc690e3237bc69105956816f762,AscendEX 2,"4,180.88432662 Ether",0.00348810%,41792
2334,0x595063172c85b1e8ac2fe74fcb6b7dc26844cc2d,Paribu 6,"3,917.55540161 Ether",0.00326841%,45192
2344,0x70747df6ac244979a2ae9ca1e1a82899d02bbea4,Cream Finance Flash Loan Exploiter 3,"3,876.2899015 Ether",0.00323398%,30
2409,0x1cf0df2a5a20cd61d68d4489eebbf85b8d39e18a,Rarible: Treasury,"3,690.96268179 Ether",0.00307936%,31
2454,0x73326b6764187b7176ed3c00109ddc1e6264eb8b,AscendEX Hacker 2,"3,566 Ether",0.00297510%,9
2476,0x3980c9ed79d2c191a89e02fa3529c60ed6e9c04b,Metis Andromeda: Bridge,"3,505.65571716 Ether",0.00292476%,20386
2477,0xfb8131c260749c7835a08ccbdb64728de432858e,BitMEX 2,"3,502.90714645 Ether",0.00292247%,18459
2557,0xecf8f87f810ecf450940c9f60066b4a7a501d6a7,WETH: Old Contract,"3,330.91226887 Ether",0.00277897%,16937
2562,0xab3b229eb4bcff881275e7ea2f0fd24eeac8c83a,Miner: 0xab3...83a,"3,317.83119052 Ether",0.00276806%,107
2564,0x4c9a2bd661d640da3634a4988a9bd2bc0f18e5a9,Bancor: Converter 571,"3,304.11010934 Ether",0.00275661%,490
2578,0x47ce0c6ed5b0ce3d3a51fdb1c52dc66a7c3c2936,Tornado.Cash: 1 ETH,"3,288 Ether",0.00274317%,12414
2587,0xd1669ac6044269b59fa12c5822439f609ca54f41,CoinList 1,"3,265.40511591 Ether",0.00272432%,577976
2596,0x3ecef08d0e2dad803847e052249bb4f8bff2d5bb,MiningPoolHub,"3,250.74955481 Ether",0.00271209%,680279
2708,0x52bc44d5378309ee2abf1539bf71de1b7d7be3b5,Nanopool,"3,005.81827795 Ether",0.00250775%,18246144
2789,0x12ec5befa9166fa327d4c345a93f0ac99dd2a7d8,Blox Staking: Eth2 Depositor,"2,966.07773741 Ether",0.00247459%,55
2825,0x3fd36d72f05fb1af76ee7ce9257ca850faba91ed,ElectricSheep: ES Token,"2,880.1 Ether",0.00240286%,8841
2828,0xb3775fb83f7d12a36e0475abdd1fca35c091efbe,PowH3D,"2,875.03148745 Ether",0.00239863%,408146
2878,0x73f8fc2e74302eb2efda125a326655acf0dc2d1b,Huobi 35,"2,796.3899977 Ether",0.00233302%,409891
2934,0x91b9d2835ad914bc1dcfe09bd1816febd04fd689,GU: Capped Vault,"2,702.39535937 Ether",0.00225460%,54
3040,0xf4b00c937b4ec4bb5ac051c3c719036c668a31ec,Secret Network: Bridge,"2,589.6822429 Ether",0.00216057%,95527
3063,0xd4dcd2459bb78d7a645aa7e196857d421b10d93f,Peatio,"2,562.91380112 Ether",0.00213823%,163596
3077,0xec4486a90371c9b66f499ff3936f29f0d5af8b7e,Multichain: Moonbeam Bridge,"2,538.10138888 Ether",0.00211753%,5994
3079,0x921760e71fb58dcc8de902ce81453e9e3d7fe253,Cream Finance Flash Loan Exploiter 2,"2,536.92146539 Ether",0.00211655%,51
3081,0x737901bea3eeb88459df9ef1be8ff3ae1b42a2ba,Aztec: Private Rollup Bridge,"2,534.69012994 Ether",0.00211469%,92649
3119,0x7c4b4bb0bb0fadbcb1c54ed55a3b4f1d456726c6,Bee Token: MultiSig,"2,500.49580924 Ether",0.00208616%,33
3145,0xa1d65e8fb6e87b60feccbc582f7f97804b725521,DXDao: DXD Token,"2,499.54625422 Ether",0.00208537%,16401
3163,0x794d28ac31bcb136294761a556b68d2634094153,Huobi 29,"2,464.56147876 Ether",0.00205618%,445114
3171,0xc253cbc67556e797fdb750a031d5e6208c423ad5,Guild of Guardians: Pre Sale,"2,448.18217173 Ether",0.00204251%,15182
3189,0x7891b20c690605f4e370d6944c8a5dbfac5a451c,LAToken 2,"2,422.894441 Ether",0.00202141%,4428
3226,0x849d52316331967b6ff1198e5e32a0eb168d039d,Gnosis: Active Treasury Management,"2,385.85603619 Ether",0.00199051%,929
3365,0x68c4b7d05fae45bcb6192bb93e246c77e98360e1,Metronome: Proceeds,"2,236.16857305 Ether",0.00186563%,37
3369,0x5b310960a7922092fdcb9295ece336012f9cf87e,BTC.com Pool 2,"2,231.73895018 Ether",0.00186193%,17466
3440,0xbee9cf658702527b0acb2719c1faa29edc006a92,Strike ETH: sETH Token,"2,160.36804052 Ether",0.00180239%,1028
3465,0x6ca33486eed915816560630b883a047c4e2b92df,Fake: Metadium Presale,"2,138.86905166 Ether",0.00178445%,156
3513,0x500a746c9a44f68fe6aa86a92e7b3af4f322ae66,Voyager 1,"2,091.32856024 Ether",0.00174479%,117784
3616,0xf7d58e6720696b8f46dc9270443d8beaeb8d9775,LinkerCoin: Wallet,"2,011.79492913 Ether",0.00167844%,3119
3916,0xd52306eabc2be4e2dc8fbd1f929ac73008430f3f,LUKSO: MultiSig,"1,970.84927124 Ether",0.00164427%,44
4014,0xa96a65c051bf88b4095ee1f2451c2a9d43f53ae2,Curve.fi: aETHc Pool,"1,913.17552119 Ether",0.00159616%,2705
4084,0x5d22045daceab03b158031ecb7d9d06fad24609b,DeversiFi: Bridge,"1,871.2854487 Ether",0.00156121%,14878
4100,0xa12431d0b9db640034b0cdfceef9cce161e62be4,HitBTC 3,"1,862.61666914 Ether",0.00155398%,1225987
4119,0xa40dfee99e1c85dc97fdc594b16a460717838703,Kraken: Eth2 Depositor,"1,847.55925925 Ether",0.00154141%,12196
4165,0x0f564a2a5fde73349890e86e9b2aa1639994bf2f,Storj: MultiSig 1,"1,818.9 Ether",0.00151750%,217
4213,0x477b8d5ef7c2c42db84deb555419cd817c336b6f,MaiCoin 1,"1,791.40327812 Ether",0.00149456%,589403
4233,0x33ddd548fe3a082d753e5fe721a26e1ab43e3598,Coinex 2,"1,778.1052341 Ether",0.00148347%,152933
4291,0x4e80744fa23cec76e1621ce0dfaceb4b1d532e12,Duelbits,"1,749.34636486 Ether",0.00145948%,114258
4325,0xcd458d7f11023556cc9058f729831a038cb8df9c,Poolin 4,"1,719.9307566 Ether",0.00143493%,38
4338,0xde21f729137c5af1b01d73af1dc21effa2b8a0d6,Gitcoin: MultiSig,"1,709.76554838 Ether",0.00142645%,313
4364,0x6d5a7597896a703fe8c85775b23395a48f971305,Cream.Finance: MultiSig,"1,698.25681488 Ether",0.00141685%,719
4504,0x2cf6be9aac1c7630d5a23af88c28275c70eb8819,Bulls & Apes: BAPBULL Token,"1,601.19464847 Ether",0.00133587%,8834
4549,0xff1f2b4adb9df6fc8eafecdcbf96a2b351680455,Aztec: Connect,"1,582.95507869 Ether",0.00132066%,32117
4570,0x6162759edad730152f0df8115c698a42e666157f,FeiProtocol-Fuse Exploiter,"1,570.06784214 Ether",0.00130990%,324
4574,0x2a20380dca5bc24d052acfbf79ba23e988ad0050,Poolin 3,"1,568.84359886 Ether",0.00130888%,61
4859,0xb1748c79709f4ba2dd82834b8c82d4a505003f27,Frax Finance: Comptroller,"1,452.64923594 Ether",0.00121194%,1986
4929,0xd911560979b78821d7b045c79e36e9cbfc2f6c6f,MEV Bot: 0xD91...C6F,"1,419.35585218 Ether",0.00118416%,39937
4949,0x28ffe35688ffffd0659aee2e34778b0ae4e193ad,Huobi 33,"1,409.92314062 Ether",0.00117630%,466797
5096,0xc9f5296eb3ac266c94568d790b6e91eba7d76a11,CEX.IO,"1,353.90731778 Ether",0.00112956%,471104
5111,0x95e525f434315eab8268fdc0cfd0555eb87a48cc,Fake_Phishing4287,"1,348.60778875 Ether",0.00112514%,13
5129,0x9cbadd5ce7e14742f70414a6dcbd4e7bb8712719,Indodax 2,"1,340.3235188 Ether",0.00111823%,3005
5229,0x3018c81dcb9caa2554d226d5a1a929dd319f085d,Fake_Phishing4582,"1,300 Ether",0.00108459%,6
5379,0x8b4334d4812c530574bd4f2763fcd22de94a969b,Tokemak: Treasury Address,"1,237.95064 Ether",0.00103282%,417
5411,0xa62142888aba8370742be823c1782d17a0389da1,Fomo3D: Long,"1,224.81117166 Ether",0.00102186%,245323
5441,0x8b4de256180cfec54c436a470af50f9ee2813dbb,SBI Crypto Pool,"1,211.04911155 Ether",0.00101038%,2848
5462,0x241e82c79452f51fbfc89fac6d912e021db1a3b7,DDEX: Margin,"1,205.13999879 Ether",0.00100545%,66270
5512,0xe3031c1bfaa7825813c562cbdcc69d96fcad2087,Gopax: WBTC Merchant Deposit Address,"1,199.64941569 Ether",0.00100086%,518582
5514,0x8de9c5a032463c561423387a9648c5c7bcc5bc90,OpenSea: Fees,"1,198.71184772 Ether",0.00100008%,10
5532,0x148426fdc4c8a51b96b4bed827907b5fa6491ad0,bZx Exploiter 1,"1,193.69289949 Ether",0.00099589%,79
5575,0x0708f87a089a91c65d48721aa941084648562287,Miner: 0x070...287,"1,175.42084244 Ether",0.00098065%,355
5596,0xf2401fa52bcaacfdc67fd7f2b8983ddd15092fa9,Fake_Phishing2753,"1,164.74805949 Ether",0.00097175%,26
5671,0xaa9133eec3ae5f9440c1a1e61e2d2cc571675527,ABCC Exchange,"1,143.21230422 Ether",0.00095378%,835
5677,0xb140a429c342083e97daf42d5d82634bd7ade7d4,Worldwide Asset eXchange: WAXG Token,"1,140.81703829 Ether",0.00095178%,454
5704,0x27a94869341838d5783368a8503fda5fbcd7987c,WePiggy: pETH Token,"1,131.62313224 Ether",0.00094411%,1485
5903,0xb8689b7910954bf73431f63482d7dd155537ea7e,Dopex: Multisig,"1,089.37261967 Ether",0.00090886%,53
5934,0xd757fd54b273bb1234d4d9993f27699d28d0edd2,KuCoin Pool,"1,081.91128991 Ether",0.00090264%,96
6004,0xb4cd0386d2db86f30c1a11c2b8c4f4185c1dade9,Huobi 31,"1,060.5921229 Ether",0.00088485%,951
6218,0xdd2a08a1c1a28c1a571e098914ca10f2877d9c97,Loopring: Proxy Admin,"1,013.20015649 Ether",0.00084531%,142
6309,0x9fa8fa61a10ff892e4ebceb7f4e0fc684c2ce0a9,hongcoin,"1,003.62404836 Ether",0.00083732%,229
6390,0x90982a6db6caa3ee2ed1a32428abbe1256344962,Bitlo Cold Wallet 1,"1,000.84236128 Ether",0.00083500%,52
7152,0x9a2d163ab40f88c625fd475e807bbc3556566f80,SingularX,926.57560084 Ether,0.00077304%,161364
7192,0x0000000000007f150bd6f54c40a34d7c3d5e9f56,MEV Bot: 0x000...f56,918.56430793 Ether,0.00076636%,2208074
7477,0x6cc5f688a315f3dc28a7781717a9a798a59fda7b,OKEx,897.24172562 Ether,0.00074857%,2904232
7624,0x0194512e77d798e4871973d9cb9d7ddfc0ffd801,stakefish: Eth2 Depositor,871.6 Ether,0.00072717%,706
7686,0x13000c4a215efe7e414bb329b2f11c39bcf92d78,BiFi Finance: ETH Wallet,857.40260661 Ether,0.00071533%,2873
7689,0x56fcb471a9dde74045830439ad6612c9aad53c19,SquiggleDAO: Treasury,856.72529494 Ether,0.00071476%,86
7852,0x7ee7ca6e75de79e618e88bdf80d0b1db136b22d0,Switcheo Exchange V2,828.28509874 Ether,0.00069104%,176281
8173,0x2819c144d5946404c0516b6f817a960db37d4929,Remitano 2,791.35686739 Ether,0.00066023%,1761796
8175,0xa1b1bbb8070df2450810b8eb2425d543cfcef79b,BackAndAlive Donation Wallet,791.15058012 Ether,0.00066005%,852
8240,0x15ea80252e55869d37acee90667d464affe197e1,Rubber Duck Bath Party: Deployer,779.97697235 Ether,0.00065073%,28
8242,0xd5524179cb7ae012f5b642c1d6d700bbaa76b96b,Augur: Delegator,779.64500032 Ether,0.00065046%,4749
8351,0x55fe002aeff02f77364de339a1292923a15844b8,Circle,762.18877807 Ether,0.00063589%,590723
8358,0xa30d8157911ef23c46c0eb71889efe6a648a41f7,BigONE,761.2941501 Ether,0.00063515%,117669
8486,0xe5a04d98538231b0fab9aba60cd73ce4ff3039df,EtherFlip,747.68282426 Ether,0.00062379%,74112
8510,0x8f03f1a3f10c05e7cccf75c1fd10168e06659be7,Miner: 0x8f0...be7,744.97097543 Ether,0.00062153%,96
8523,0xc234e41ae2cb00311956aa7109fc801ae8c80941,Arbitrum: Multisig,743.262 Ether,0.00062010%,71
8663,0x5a1e54f7dc927dbfd25b1fdd7f860cb3b8f733ee,Americana: Deployer,725.56399058 Ether,0.00060534%,177
8710,0xda4a4626d3e16e094de3225a751aab7128e96526,TheDaoCurator,719.06555634 Ether,0.00059991%,554
8749,0x88e343f4599292c2cffe683c1bb93cd3480bdbab,PXN: Cold Wallet,712.09107796 Ether,0.00059410%,82
8772,0x77ab999d1e9f152156b4411e1f3e2a42dab8cd6d,Kuna.io 2,708.87875906 Ether,0.00059142%,72161
9075,0x220a9f0dd581cbc58fcfb907de0454cbf3777f76,MCDEX: ETH Perpetual,683.62048187 Ether,0.00057034%,3892
9132,0x75e89d5979e4f6fba9f97c104c2f0afb3f1dcb88,MEXC: Mexc.com,677.42876419 Ether,0.00056518%,2189441
9229,0x3ddfa8ec3052539b6c9549f12cea2c295cff5296,Justin Sun,668.05670866 Ether,0.00055736%,1711
9359,0x1ce7ae555139c5ef5a57cc8d814a867ee6ee33d8,Token.Store,652.9292069 Ether,0.00054474%,712388
9505,0x68a99f89e475a078645f4bac491360afe255dff1,India Covid-Crypto Relief Fund,639.46939848 Ether,0.00053351%,947
9597,0xe0036fb4b5a3b232acfc01fec3bd1d787a93da75,Sound.xyz: Deployer,629.38833275 Ether,0.00052510%,158
9615,0x136d841d4bece3fc0e4debb94356d8b6b4b93209,InsurAce Protocol: Stakers Pool V2,627.70620349 Ether,0.00052369%,61
9643,0xea674fdde714fd979de3edf0f56aa9716b898ec8,Ethermine,625.30874249 Ether,0.00052169%,44180157
9837,0xe28e72fcf78647adce1f1252f240bbfaebd63bcc,Augur: Token Sale,610.002 Ether,0.00050892%,592
9865,0xcc120361cb6ded8c3611460a59176512d8758dbb,AyeZee: Copium Wallet,607.64890388 Ether,0.00050696%,384
9921,0x6a159503e49ddb8e49659d6cacf5236ac4213d86,BitDAO: ByBit Contribution,603.06177864 Ether,0.00050313%,69
9997,0xf9440930043eb3997fc70e1339dbb11f341de7a8,Curve.fi: ETH/rETH Pool,600.24902466 Ether,0.00050079%,2445
